dk	male	female	other
0	Farmboy	Farmgirl	Farmchild
1	Page	Page	Page
2	Squire	Squire	Squire
3	Gladiator	Gladiatrix	Gladiator
4	Legionnaire	Legioness	Legionnaire
5	Centurion	Centurioness	Centurion
6	Sir	Madam	Sirma
7	Reeve	Reeve	Reeve
8	Steward	Steward	Steward
9	Mayor	Mayoress	Mayor
10	Baron	Baroness	Baron
11	Count	Countess	Count
12	Viscount	Viscountess	Viscount
13	Marquis	Marchioness	Marquis
14	Chancellor	Chancelloress	Chancellor
15	Prince	Princess	Prince
16	King	Queen	Regent
17	Emperor	Empress	Emprum
18	Angel	Angel	Angel
19	Archangel	Archangel	Archangel
20	Principality	Principality	Principality
21	Power	Power	Power
22	Virtue	Virtue	Virtue
23	Dominion	Dominion	Dominion
24	Throne	Throne	Throne
25	Cherub	Cherub	Cherub
26	Seraph	Seraph	Seraph
27	Demigod	Demigoddess	Demidevine
28	Titan	Titaness	Titan
29	Archtitan	Archtitaness	Archtitan
30	Undergod	Undergoddess	Underdevine
31	God	Goddess	Devine
